,Supplier_Lead_Time,Inventory_Levels,Order_Frequency,Delivery_Performance,Cost_Per_Unit
Supplier_Lead_Time,1.0,0.06805720173300639,-0.9408669366087579,-0.9208226380541935,0.9682489545899107
Inventory_Levels,0.06805720173300639,1.0,-0.029129837312081894,0.010701687196995971,0.0418025820598659
Order_Frequency,-0.9408669366087579,-0.029129837312081894,1.0,0.8620076330049506,-0.9200860273461879
Delivery_Performance,-0.9208226380541935,0.010701687196995971,0.8620076330049506,1.0,-0.9281050307232607
Cost_Per_Unit,0.9682489545899107,0.0418025820598659,-0.9200860273461879,-0.9281050307232607,1.0
